date,episode_id,gate,area,status,source_path,notes
2026-05-18,s01e01-campus-cafe-longplay,gate_1_source_packet,episode_packet,open,channel/episodes/s01e01-campus-cafe-longplay/manifest.json,Fresh Week 1 source packet opened with no media candidates
2026-05-18,s01e01-campus-cafe-longplay,gate_1_source_packet,song_source,outline_draft,channel/episodes/s01e01-campus-cafe-longplay/source/songs.md,Thirteen working titles and arrangement lanes drafted
2026-05-18,s01e01-campus-cafe-longplay,gate_1_source_packet,lyrics,not_written,channel/episodes/s01e01-campus-cafe-longplay/source/songs.md,Full lyrics and anti-slop score pending
2026-05-18,s01e01-campus-cafe-longplay,gate_1_source_packet,visual_source,draft,channel/episodes/s01e01-campus-cafe-longplay/source/visual.md,Source-only still-frame prompt and safe zones drafted
2026-05-18,s01e01-campus-cafe-longplay,gate_1_source_packet,metadata,draft,channel/episodes/s01e01-campus-cafe-longplay/source/metadata.md,Title description disclosure and chapter placeholders drafted
2026-05-18,s01e01-campus-cafe-longplay,gate_1_source_packet,media_candidates,none,channel/episodes/s01e01-campus-cafe-longplay/reviews/current-state.md,No audio image video render export or subtitle timing exists
2026-05-18,s01e01-campus-cafe-longplay,gate_1_source_packet,render_export,blocked,docs/operating-boundary.md,Render and export remain blocked until separate approval
2026-05-18,s01e01-campus-cafe-longplay,gate_1_source_packet,release_gate,blocked,docs/provider-platform-boundary.md,Upload publish schedule account and platform actions remain blocked
2026-05-18,s01e01-campus-cafe-longplay,gate_1_source_packet,lyrics,tracks_1_3_written_reviewed,channel/episodes/s01e01-campus-cafe-longplay/source/songs.md,Tracks 1 through 3 have source-only draft lyrics
2026-05-18,s01e01-campus-cafe-longplay,gate_1_source_packet,lyric_review,pass_source_checkpoint,channel/episodes/s01e01-campus-cafe-longplay/reviews/lyrics.md,Anti-slop checkpoint score is 92 of 100 for tracks 1 through 3 only
2026-05-18,s01e01-campus-cafe-longplay,gate_1_source_packet,next_lyrics_action,tracks_4_6_pending,channel/episodes/s01e01-campus-cafe-longplay/source/songs.md,Continue lyrics before any media or provider gate
2026-05-18,s01e01-campus-cafe-longplay,gate_1_source_packet,lyrics,tracks_4_6_written_reviewed,channel/episodes/s01e01-campus-cafe-longplay/source/songs.md,Tracks 4 through 6 have source-only draft lyrics
2026-05-18,s01e01-campus-cafe-longplay,gate_1_source_packet,lyric_review,pass_source_midpoint,channel/episodes/s01e01-campus-cafe-longplay/reviews/lyrics.md,Anti-slop midpoint score is 91 of 100 for tracks 1 through 6 only
2026-05-18,s01e01-campus-cafe-longplay,gate_1_source_packet,next_lyrics_action,tracks_7_9_pending,channel/episodes/s01e01-campus-cafe-longplay/source/songs.md,Continue lyrics before any media or provider gate
2026-05-18,s01e01-campus-cafe-longplay,gate_1_source_packet,lyrics,tracks_7_9_written_reviewed,channel/episodes/s01e01-campus-cafe-longplay/source/songs.md,Tracks 7 through 9 have source-only draft lyrics
2026-05-18,s01e01-campus-cafe-longplay,gate_1_source_packet,lyric_review,pass_source_second_checkpoint,channel/episodes/s01e01-campus-cafe-longplay/reviews/lyrics.md,Anti-slop second checkpoint score is 90 of 100 for tracks 1 through 9 only
2026-05-18,s01e01-campus-cafe-longplay,gate_1_source_packet,next_lyrics_action,tracks_10_13_pending,channel/episodes/s01e01-campus-cafe-longplay/source/songs.md,Continue lyrics before any media or provider gate
2026-05-18,s01e01-campus-cafe-longplay,gate_1_source_packet,lyrics,tracks_10_13_written_reviewed,channel/episodes/s01e01-campus-cafe-longplay/source/songs.md,Tracks 10 through 13 have source-only draft lyrics
2026-05-18,s01e01-campus-cafe-longplay,gate_1_source_packet,lyric_review,pass_source_full_lyrics,channel/episodes/s01e01-campus-cafe-longplay/reviews/lyrics.md,Anti-slop full source lyric score is 90 of 100 for tracks 1 through 13 only
2026-05-18,s01e01-campus-cafe-longplay,gate_1_source_packet,next_review_action,external_or_human_review_pending,channel/episodes/s01e01-campus-cafe-longplay/reviews/lyrics.md,External Gemini CLI review requires explicit external-provider gate before sending lyrics
2026-05-18,s01e01-campus-cafe-longplay,gate_1_source_packet,external_lyric_review,gemini_cli_completed_with_revision_recommendations,channel/episodes/s01e01-campus-cafe-longplay/reviews/gemini-lyrics-review.md,User approved Gemini CLI review; no media or release facts created
2026-05-18,s01e01-campus-cafe-longplay,gate_1_source_packet,next_lyrics_action,revise_gemini_findings,channel/episodes/s01e01-campus-cafe-longplay/reviews/gemini-lyrics-review.md,Revise Track 13 bridge weather motif density Track 7 warm foam and Track 10 pun risk
2026-05-18,s01e01-campus-cafe-longplay,gate_1_source_packet,lyrics,gemini_revisions_applied,channel/episodes/s01e01-campus-cafe-longplay/source/songs.md,Applied Gemini response revisions to Tracks 1 4 7 10 11 and 13
2026-05-18,s01e01-campus-cafe-longplay,gate_1_source_packet,lyric_review,pass_source_full_lyrics_revised,channel/episodes/s01e01-campus-cafe-longplay/reviews/lyrics.md,Revised full source lyric score is 92 of 100 for tracks 1 through 13 only
2026-05-18,s01e01-campus-cafe-longplay,gate_1_source_packet,next_review_action,optional_human_review_or_style_pack,channel/episodes/s01e01-campus-cafe-longplay/reviews/current-state.md,No media provider render or release gate is approved
2026-05-18,s01e01-campus-cafe-longplay,gate_1_source_packet,prompt_pack,source_draft_reviewed,channel/episodes/s01e01-campus-cafe-longplay/source/prompt-pack.md,Manual-only style exclude and control pack drafted; no provider approval
2026-05-18,s01e01-campus-cafe-longplay,gate_1_source_packet,prompt_pack_review,pass_source_prompt_pack,channel/episodes/s01e01-campus-cafe-longplay/reviews/prompt-pack.md,Prompt pack reviewed as source-only and still blocks media provider and release actions
2026-05-18,s01e01-campus-cafe-longplay,gate_1_source_packet,candidate_intake_checklist,prepared_source_only,channel/episodes/s01e01-campus-cafe-longplay/reviews/candidate-intake-checklist.md,Future candidate intake checklist prepared with no media approval
2026-05-18,s01e01-campus-cafe-longplay,gate_1_source_packet,suno_manual_fields,prepared_source_only,channel/episodes/s01e01-campus-cafe-longplay/source/suno-manual-fields.md,Manual copy fields prepared for future user Suno step with no provider approval
2026-05-18,s01e01-campus-cafe-longplay,gate_1_source_packet,suno_manual_fields_review,pass_source_suno_manual_fields,channel/episodes/s01e01-campus-cafe-longplay/reviews/suno-manual-fields.md,Suno manual fields reviewed as source-only
2026-05-18,s01e01-campus-cafe-longplay,gate_1_source_packet,visual_prompt_pack,prepared_source_only,channel/episodes/s01e01-campus-cafe-longplay/source/visual-prompt-pack.md,Visual prompt pack prepared with no image generation approval
2026-05-18,s01e01-campus-cafe-longplay,gate_1_source_packet,visual_prompt_pack_review,pass_source_visual_prompt_pack,channel/episodes/s01e01-campus-cafe-longplay/reviews/visual-prompt-pack.md,Visual prompt pack reviewed as source-only
2026-05-18,s01e01-campus-cafe-longplay,gate_1_source_packet,theme_retune,source_theme_retune_recorded,channel/episodes/s01e01-campus-cafe-longplay/reviews/theme-retune.md,User approved wholesome PG same-age teenage high-school first-love direction
2026-05-18,s01e01-campus-cafe-longplay,gate_1_source_packet,lyrics,theme_retuned_needs_review,channel/episodes/s01e01-campus-cafe-longplay/source/songs.md,Tracks 1 through 13 retuned after direction change; previous Gemini review superseded
2026-05-18,s01e01-campus-cafe-longplay,gate_1_source_packet,lyric_review,pass_source_theme_retune_checkpoint,channel/episodes/s01e01-campus-cafe-longplay/reviews/lyrics.md,Theme-retuned source lyric checkpoint score is 88 of 100; fresh review recommended before provider handoff
2026-05-18,s01e01-campus-cafe-longplay,gate_1_source_packet,prompt_pack,theme_retuned_source_only,channel/episodes/s01e01-campus-cafe-longplay/source/prompt-pack.md,Prompt pack retuned for easy-listening teen first-love theme with no provider approval
2026-05-18,s01e01-campus-cafe-longplay,gate_1_source_packet,suno_manual_fields,theme_retuned_source_only,channel/episodes/s01e01-campus-cafe-longplay/source/suno-manual-fields.md,Suno manual fields retuned as source-only index defaults for future user review
2026-05-18,s01e01-campus-cafe-longplay,gate_1_source_packet,visual_prompt_pack,theme_retuned_source_only,channel/episodes/s01e01-campus-cafe-longplay/source/visual-prompt-pack.md,Visual prompt pack retuned for after-school first-love theme with no image approval
2026-05-18,s01e01-campus-cafe-longplay,gate_1_source_packet,suno_55_params,complete_source_only,channel/episodes/s01e01-campus-cafe-longplay/source/suno-tracks/,All 13 per-track files define lyrics styles exclude styles vocal gender lyrics mode weirdness style influence and song title
2026-05-18,s01e01-campus-cafe-longplay,gate_1_source_packet,suno_guardrail_skill,updated_source_only,.agents/skills/suno-song-production-guardrails/SKILL.md,Skill now requires explicit Suno 5.5 parameters for every manual song handoff
2026-05-19,s01e01-campus-cafe-longplay,gate_1_source_packet,suno_tracks,prepared_source_only,channel/episodes/s01e01-campus-cafe-longplay/source/suno-tracks/,Split Suno manual handoff into 13 copy-ready per-track files with source-only boundary
2026-05-19,s01e01-campus-cafe-longplay,gate_1_source_packet,suno_manual_fields,index_defaults_source_only,channel/episodes/s01e01-campus-cafe-longplay/source/suno-manual-fields.md,Suno manual fields now index defaults and point to per-track copy files
2026-05-19,s01e01-campus-cafe-longplay,gate_1_source_packet,suno_prompt_research,recorded_source_only,channel/episodes/s01e01-campus-cafe-longplay/reviews/suno-prompt-research.md,Prompt retune source trail recorded with Medium 403 noted as inaccessible
2026-05-19,s01e01-campus-cafe-longplay,gate_1_source_packet,suno_manual_fields,prompt_retuned_source_only,channel/episodes/s01e01-campus-cafe-longplay/source/suno-manual-fields.md,Compact front-loaded style and short targeted excludes applied
2026-05-19,s01e01-campus-cafe-longplay,gate_1_source_packet,suno_tracks,prompt_retuned_13_files,channel/episodes/s01e01-campus-cafe-longplay/source/suno-tracks/,All 13 track files retuned with explicit low-moderate Weirdness and high consistent Style Influence
2026-05-19,s01e01-campus-cafe-longplay,gate_1_source_packet,lyrics,track_1_v0_6_mayr_source_approved,channel/episodes/s01e01-campus-cafe-longplay/source/songs.md,Mayr approved Track 1 Margin Notes at Table Three after songwriter lyric-reviewer and suno-reviewer source checks with no media provider approval
2026-05-19,s01e01-campus-cafe-longplay,gate_1_source_packet,suno_tracks,track_1_v0_6_synced_source_only,channel/episodes/s01e01-campus-cafe-longplay/source/suno-tracks/01-margin-notes-at-table-three.md,Track 1 copy pack synced with Custom lyrics mode 10% Weirdness and 82% Style Influence with no generated audio
2026-05-19,s01e01-campus-cafe-longplay,gate_1_source_packet,prompt_metadata,track_1_title_synced_source_only,channel/episodes/s01e01-campus-cafe-longplay/source/prompt-pack.md,Prompt pack and metadata title sequence updated for Track 1 only
2026-05-19,s01e01-campus-cafe-longplay,gate_1_source_packet,review,track_1_subagent_pass_source_only,channel/episodes/s01e01-campus-cafe-longplay/reviews/lyrics.md,Lyric reviewer passed v0.5 and Suno reviewer passed v0.6 field setup; full set still needs review
2026-05-19,s01e01-campus-cafe-longplay,gate_1_source_packet,lyrics,track_2_v0_8_mayr_source_approved,channel/episodes/s01e01-campus-cafe-longplay/source/songs.md,Mayr approved Track 2 Two Lids One Tray after songwriter lyric-reviewer and suno-reviewer source checks with no media provider approval
2026-05-19,s01e01-campus-cafe-longplay,gate_1_source_packet,suno_tracks,track_2_v0_8_synced_source_only,channel/episodes/s01e01-campus-cafe-longplay/source/suno-tracks/02-two-lids-one-tray.md,Track 2 copy pack synced with Custom lyrics mode 10% Weirdness and 82% Style Influence with no generated audio
2026-05-19,s01e01-campus-cafe-longplay,gate_1_source_packet,prompt_metadata,track_2_title_synced_source_only,channel/episodes/s01e01-campus-cafe-longplay/source/prompt-pack.md,Prompt pack and metadata title sequence updated for Track 2 only
2026-05-19,s01e01-campus-cafe-longplay,gate_1_source_packet,review,track_2_subagent_pass_source_only,channel/episodes/s01e01-campus-cafe-longplay/reviews/lyrics.md,Lyric reviewer passed v0.8 and Suno reviewer passed v0.8 setup; full set still needs review
2026-05-19,s01e01-campus-cafe-longplay,gate_1_source_packet,lyrics,track_2_v0_9_macro_form_synced,channel/episodes/s01e01-campus-cafe-longplay/source/songs.md,Track 2 revised to hook-first verse-refrain call-and-response macro-form after user flagged Track 1 similarity; no media provider approval
2026-05-19,s01e01-campus-cafe-longplay,gate_1_source_packet,guardrails,macro_form_variety_added,.opencode/agents/songwriter.md,Songwriter lyric reviewer and lyric/Suno skills updated to require adjacent-song macro-form variety and structure fingerprints
2026-05-19,s01e01-campus-cafe-longplay,gate_1_source_packet,lyrics,track_3_v1_0_mayr_source_approved,channel/episodes/s01e01-campus-cafe-longplay/source/songs.md,Mayr approved Track 3 Borrowed Eraser Written Name after songwriter lyric-reviewer and suno-reviewer source checks with no media provider approval
2026-05-19,s01e01-campus-cafe-longplay,gate_1_source_packet,suno_tracks,track_3_v1_0_synced_source_only,channel/episodes/s01e01-campus-cafe-longplay/source/suno-tracks/03-borrowed-eraser-written-name.md,Track 3 copy pack synced with Custom lyrics mode 11% Weirdness and 82% Style Influence with no generated audio
2026-05-19,s01e01-campus-cafe-longplay,gate_1_source_packet,review,track_3_subagent_pass_source_only,channel/episodes/s01e01-campus-cafe-longplay/reviews/lyrics.md,Lyric reviewer and Suno reviewer passed Track 3 v1.0 source-only setup; full set still needs review
2026-05-19,s01e01-campus-cafe-longplay,gate_1_source_packet,lyrics,track_4_v1_0_mayr_source_approved,channel/episodes/s01e01-campus-cafe-longplay/source/songs.md,Mayr approved Track 4 Piano Between Shelves after songwriter lyric-reviewer and suno-reviewer source checks with no media provider approval
2026-05-19,s01e01-campus-cafe-longplay,gate_1_source_packet,suno_tracks,track_4_v1_0_synced_source_only,channel/episodes/s01e01-campus-cafe-longplay/source/suno-tracks/04-piano-between-shelves.md,Track 4 copy pack synced with Custom lyrics mode 9% Weirdness and 82% Style Influence with no generated audio
2026-05-19,s01e01-campus-cafe-longplay,gate_1_source_packet,review,track_4_subagent_pass_source_only,channel/episodes/s01e01-campus-cafe-longplay/reviews/lyrics.md,Lyric reviewer and Suno reviewer passed Track 4 v1.0 source-only setup; full set still needs review
2026-05-19,s01e01-campus-cafe-longplay,gate_1_source_packet,workflow,track_4_source_workflow_recorded,channel/episodes/s01e01-campus-cafe-longplay/reviews/source-approval-workflow.md,Per-track source approval workflow recorded for Track 4 with no media provider approval
2026-05-19,s01e01-campus-cafe-longplay,gate_1_source_packet,lyric_review,set_level_pattern_hold_tracks_1_4,channel/episodes/s01e01-campus-cafe-longplay/reviews/lyrics.md,User flagged repeated title hooks and repeated negative rhetoric across Tracks 1 through 4; rewrite review required before Track 5 or handoff
2026-05-19,s01e01-campus-cafe-longplay,gate_1_source_packet,workflow,strict_pattern_gate_added,channel/episodes/s01e01-campus-cafe-longplay/reviews/source-approval-workflow.md,Workflow now requires micro-pattern matrix title repeat count negative rhetoric bridge opener final payoff and small-object payoff checks
2026-05-19,s01e01-campus-cafe-longplay,gate_1_source_packet,agent_guardrails,strict_micro_pattern_checks_added,.opencode/agents/lyric-reviewer.md,Songwriter lyric-reviewer Suno-reviewer and lyric/Suno skills updated to block repeated title-hook and rhetoric templates
2026-05-19,s01e01-campus-cafe-longplay,gate_1_source_packet,workflow,story_reference_title_gate_added,channel/episodes/s01e01-campus-cafe-longplay/reviews/source-approval-workflow.md,Workflow now requires Story Reference Brief and title arrangement separation before lyric approval
2026-05-19,s01e01-campus-cafe-longplay,gate_1_source_packet,lyrics,tracks_1_3_user_accepted_source_only,channel/episodes/s01e01-campus-cafe-longplay/source/songs.md,User accepted Tracks 1 through 3 as OK source-only; no media provider approval
2026-05-19,s01e01-campus-cafe-longplay,gate_1_source_packet,lyrics,track_4_v1_1_checkout_slip_source_approved,channel/episodes/s01e01-campus-cafe-longplay/source/songs.md,Track 4 retitled to Checkout Slip at Chapter Nine after reference-led story brief lyric review and Suno review; no media provider approval
2026-05-19,s01e01-campus-cafe-longplay,gate_1_source_packet,suno_tracks,track_4_v1_1_checkout_slip_synced_source_only,channel/episodes/s01e01-campus-cafe-longplay/source/suno-tracks/04-checkout-slip-at-chapter-nine.md,Track 4 copy pack synced with story-led title Custom lyrics mode 9% Weirdness and 82% Style Influence with no generated audio
2026-05-19,s01e01-campus-cafe-longplay,gate_1_source_packet,workflow,title_lyric_relationship_gate_added,channel/episodes/s01e01-campus-cafe-longplay/reviews/source-approval-workflow.md,Workflow now records that titles need not appear in lyrics or hooks when imagery earns the title
2026-05-19,s01e01-campus-cafe-longplay,gate_1_source_packet,lyrics,track_5_v1_0_steam_glass_source_approved,channel/episodes/s01e01-campus-cafe-longplay/source/songs.md,Track 5 Steam on the Glass Door passed Story Reference Brief title lyric independence micro-pattern lyric review and Suno review with no media provider approval
2026-05-19,s01e01-campus-cafe-longplay,gate_1_source_packet,suno_tracks,track_5_v1_0_steam_glass_synced_source_only,channel/episodes/s01e01-campus-cafe-longplay/source/suno-tracks/05-steam-on-the-glass-door.md,Track 5 copy pack synced with Custom lyrics mode 10% Weirdness and 82% Style Influence with exact title absent from lyrics
2026-05-19,s01e01-campus-cafe-longplay,gate_1_source_packet,lyrics,track_6_v1_0_bus_stop_receipt_source_approved,channel/episodes/s01e01-campus-cafe-longplay/source/songs.md,Track 6 passed lexical freshness lyric review and Suno field review source-only with no media provider approval
2026-05-19,s01e01-campus-cafe-longplay,gate_1_source_packet,suno_tracks,track_6_v1_0_bus_stop_receipt_synced_source_only,channel/episodes/s01e01-campus-cafe-longplay/source/suno-tracks/06-bus-stop-receipt.md,Track 6 copy pack synced with Custom lyrics mode 10% Weirdness and 82% Style Influence with no generated audio
2026-05-19,s01e01-campus-cafe-longplay,gate_1_source_packet,lyrics,tracks_7_9_strict_source_approved,channel/episodes/s01e01-campus-cafe-longplay/source/songs.md,Tracks 7 through 9 passed strict lyric review after title and rhyme fixes with no media provider approval
2026-05-19,s01e01-campus-cafe-longplay,gate_1_source_packet,suno_tracks,tracks_7_9_synced_source_only,channel/episodes/s01e01-campus-cafe-longplay/source/suno-tracks/,Tracks 7 through 9 copy packs synced with complete Suno 5.5 source fields and no generated audio
2026-05-19,s01e01-campus-cafe-longplay,gate_1_source_packet,next_lyrics_action,tracks_10_13_pending_strict_workflow,channel/episodes/s01e01-campus-cafe-longplay/source/songs.md,Continue Story Reference Brief lyric review Suno review and antipattern registry before any handoff
2026-05-19,s01e01-campus-cafe-longplay,gate_1_source_packet,lyrics,track_6_v1_0_peach_can_source_approved,channel/episodes/s01e01-campus-cafe-longplay/source/songs.md,Mayr approved Track 6 Peach Can at B4 after lyric PASS and Suno planned-state PASS with no media provider approval
2026-05-19,s01e01-campus-cafe-longplay,gate_1_source_packet,suno_tracks,track_6_v1_0_peach_can_synced_source_only,channel/episodes/s01e01-campus-cafe-longplay/source/suno-tracks/06-peach-can-at-b4.md,Track 6 copy pack synced with Custom lyrics mode 10% Weirdness and 82% Style Influence with no generated audio
2026-05-19,s01e01-campus-cafe-longplay,gate_1_source_packet,lyrics,tracks_7_13_pending_one_by_one_review,channel/episodes/s01e01-campus-cafe-longplay/source/songs.md,Track 6 reset supersedes downstream approvals; continue one-by-one from Track 7 before any handoff
2026-05-19,s01e01-campus-cafe-longplay,gate_1_source_packet,lyrics,track_7_v1_0_green_dot_source_approved,channel/episodes/s01e01-campus-cafe-longplay/source/songs.md,Mayr approved Track 7 Green Dot on Your Schedule after lyric PASS hard-avoid cleanup and Suno planned-state PASS with no media provider approval
2026-05-19,s01e01-campus-cafe-longplay,gate_1_source_packet,suno_tracks,track_7_v1_0_green_dot_synced_source_only,channel/episodes/s01e01-campus-cafe-longplay/source/suno-tracks/07-green-dot-on-your-schedule.md,Track 7 copy pack synced with Custom lyrics mode 11% Weirdness and 82% Style Influence with no generated audio
2026-05-19,s01e01-campus-cafe-longplay,gate_1_source_packet,lyrics,tracks_8_13_pending_one_by_one_review,channel/episodes/s01e01-campus-cafe-longplay/source/songs.md,Continue one-by-one from Track 8 against new Tracks 6 and 7 before any handoff
2026-05-19,s01e01-campus-cafe-longplay,gate_1_source_packet,lyrics,tracks_8_13_mayr_source_approved,channel/episodes/s01e01-campus-cafe-longplay/source/songs.md,Mayr approved Tracks 8 through 13 after lyric review fixes and planned Suno field review with no media provider approval
2026-05-19,s01e01-campus-cafe-longplay,gate_1_source_packet,suno_tracks,tracks_8_13_synced_source_only,channel/episodes/s01e01-campus-cafe-longplay/source/suno-tracks/,Tracks 8 through 13 copy packs synced with complete Suno 5.5 source fields and no generated audio
2026-05-19,s01e01-campus-cafe-longplay,gate_1_source_packet,lyrics,full_set_source_approved,channel/episodes/s01e01-campus-cafe-longplay/source/songs.md,Full 13 track source set approved source-only by Mayr after one-by-one reviews
2026-05-19,s01e01-campus-cafe-longplay,gate_1_source_packet,guardrails,review_lessons_applied_to_skills,.agents/skills/lyric-craft-multilingual-guardrails/SKILL.md,S01E01 review issues folded into songwriting lyric-review and Suno-review guardrails
2026-05-19,s01e01-campus-cafe-longplay,gate_1_source_packet,suno_tracks,bpm_added_to_styles,channel/episodes/s01e01-campus-cafe-longplay/source/suno-tracks/,All 13 source-only Suno Styles fields now include approximate BPM with no generated audio
2026-05-19,s01e01-campus-cafe-longplay,gate_1_source_packet,workflow,episode_spine_track_delta_gate_added,channel/episodes/s01e01-campus-cafe-longplay/reviews/source-approval-workflow.md,Workflow now requires Episode Style Theme Spine and per-track Track Delta before future drafts
2026-05-19,s01e01-campus-cafe-longplay,gate_1_source_packet,suno_manual_fields,episode_spine_track_delta_matrix_added,channel/episodes/s01e01-campus-cafe-longplay/source/suno-manual-fields.md,Index now records source-only episode spine and controlled track deltas with no media approval
2026-05-19,s01e01-campus-cafe-longplay,gate_1_source_packet,agent_guardrails,episode_spine_track_delta_added,.opencode/agents/songwriter.md,Songwriter lyric-reviewer Suno-reviewer and local skills now require spine fit and track delta checks
2026-05-19,s01e01-campus-cafe-longplay,gate_1_source_packet,workflow,lexical_count_ledger_gate_added,channel/episodes/s01e01-campus-cafe-longplay/reviews/source-approval-workflow.md,Future episodes must count high-salience word use per song and reduce budgeted repeats in following songs; S01E01 not revised
2026-05-19,s01e01-campus-cafe-longplay,gate_1_source_packet,candidate_intake_checklist,track_titles_synced_source_only,channel/episodes/s01e01-campus-cafe-longplay/reviews/candidate-intake-checklist.md,Track coverage checklist now matches current 13-track source set; no candidate media or provider gate opened
2026-05-19,s01e01-campus-cafe-longplay,gate_1_source_packet,audio_candidate_intake_gate,user_opened_local_audio_intake,channel/episodes/s01e01-campus-cafe-longplay/reviews/audio-candidate-intake.md,User opened local audio candidate intake and technical QA gate; no render export upload or release approval
2026-05-19,s01e01-campus-cafe-longplay,gate_1_source_packet,audio_candidates,twenty_six_local_wavs_recorded,candidates/s01e01-campus-cafe-longplay/audio/,26 user supplied local WAV candidates found as 13 tracks times 2 variants
2026-05-19,s01e01-campus-cafe-longplay,gate_1_source_packet,selected_audio,selected_draft_needs_audio_qa_source_only,candidates/s01e01-campus-cafe-longplay/audio/selected/,13 selected draft candidates organized for audio QA and human listening
2026-05-19,s01e01-campus-cafe-longplay,gate_1_source_packet,pool_audio,pool_reserved,candidates/s01e01-campus-cafe-longplay/audio/pool/,13 non-selected candidates reserved for possible future swaps
2026-05-19,s01e01-campus-cafe-longplay,gate_1_source_packet,next_audio_action,human_listen_and_lyric_alignment_pending,channel/episodes/s01e01-campus-cafe-longplay/reviews/audio-candidate-intake.md,Selected draft duration is about 41m31s and needs listening lyric alignment and sequence review
2026-05-19,s01e01-campus-cafe-longplay,gate_1_source_packet,render_export,blocked,docs/operating-boundary.md,Render export video assembly upload and release remain blocked after audio intake
2026-05-19,s01e01-campus-cafe-longplay,gate_1_source_packet,audio_candidate_workflow,reusable_template_recorded,channel/templates/audio-candidate-intake-workflow-template.md,Local audio intake plus Gemini supplemental review method recorded for future episodes
2026-05-19,s01e01-campus-cafe-longplay,gate_1_source_packet,audio_qa,selected_draft_needs_human_listen_source_only,channel/episodes/s01e01-campus-cafe-longplay/reviews/audio-qa-listening.md,Selected draft QA handoff created for human listening lyric alignment and duration decision
2026-05-19,s01e01-campus-cafe-longplay,gate_1_source_packet,audio_qa,selected_draft_human_listen_passed_needs_lyric_alignment_duration_source_only,channel/episodes/s01e01-campus-cafe-longplay/reviews/audio-qa-listening.md,User reported all 13 selected candidates pass human listening; lyric alignment and 41m31s duration decision remain pending
2026-05-19,s01e01-campus-cafe-longplay,gate_1_source_packet,audio_qa,selected_draft_human_listen_lyric_alignment_passed_needs_duration_decision_source_only,channel/episodes/s01e01-campus-cafe-longplay/reviews/audio-qa-listening.md,Gemini supplemental lyric anchor spot-check passed for all 13 selected candidates with Track 13 opening caveat; duration decision was pending until D061
2026-05-19,s01e01-campus-cafe-longplay,gate_1_source_packet,next_audio_action,duration_sequence_decision_pending,channel/episodes/s01e01-campus-cafe-longplay/reviews/audio-qa-listening.md,Next decision is whether to accept the 41m31s selected draft duration or request shorter swaps regeneration or a future trim gate
2026-05-19,s01e01-campus-cafe-longplay,gate_1_source_packet,audio_qa,selected_draft_human_listen_lyric_anchor_duration_accepted_source_only,channel/episodes/s01e01-campus-cafe-longplay/reviews/audio-qa-listening.md,User accepted the selected draft duration of about 41m31s source-only after market-length discussion; render export upload release remain blocked
2026-05-22,s01e01-campus-cafe-longplay,gate_1_source_packet,visual_candidate_intake,vis_c01_g_background_direction_source_only,channel/episodes/s01e01-campus-cafe-longplay/reviews/visual-candidate-intake.md,User approved G.png as background direction source only with no render export upload release approval
2026-05-22,s01e01-campus-cafe-longplay,gate_1_source_packet,visual_overlay_motion_plan,historical_superseded_by_v4_now_playing,channel/episodes/s01e01-campus-cafe-longplay/source/visual-overlay-motion-plan.md,Earlier plan recommended fade-out title cards; V4 now uses the top-left Now Playing block
2026-05-22,s01e01-campus-cafe-longplay,gate_1_source_packet,next_visual_action,historical_superseded_by_v4_07_proof_request,channel/episodes/s01e01-campus-cafe-longplay/source/visual-overlay-motion-plan.md,Earlier short proof pending state superseded by user request and one V4-07 short animated proof creation
2026-05-22,s01e01-campus-cafe-longplay,gate_1_source_packet,visual_layout_proofs,eight_static_mockups_created_source_only,candidates/s01e01-campus-cafe-longplay/visual/proofs/static-layout-mockups/,Created 8 local static layout PNG mockups and contact sheet from G.png with required overlay components
2026-05-22,s01e01-campus-cafe-longplay,gate_1_source_packet,external_visual_review,agy_static_layout_review_completed_source_only,channel/episodes/s01e01-campus-cafe-longplay/reviews/visual-layout-proof-review.md,AGY supplemental review recommends Layout 01 winner and Layout 07 alternate; no raw output dump stored
2026-05-22,s01e01-campus-cafe-longplay,gate_1_source_packet,next_visual_action,historical_superseded_by_v1_rejection,channel/episodes/s01e01-campus-cafe-longplay/reviews/visual-layout-proof-review.md,Earlier Layout 01 proof recommendation superseded by user rejection; full render export release remain blocked
2026-05-22,s01e01-campus-cafe-longplay,gate_1_source_packet,visual_layout_review,v1_static_mockups_user_rejected,channel/episodes/s01e01-campus-cafe-longplay/reviews/visual-layout-proof-review.md,User rejected all V1 layouts and requested no boxes embedded text lower-left now-playing and bar equalizer changes
2026-05-22,s01e01-campus-cafe-longplay,gate_1_source_packet,visual_layout_proofs,v2_v3_static_mockups_created_source_only,candidates/s01e01-campus-cafe-longplay/visual/proofs/static-layout-mockups-v3/,Created V2 and V3 local static mockups from G.png after user rejection; no animated proof or render approval
2026-05-22,s01e01-campus-cafe-longplay,gate_1_source_packet,external_visual_review,agy_v3_static_layout_review_completed_source_only,channel/episodes/s01e01-campus-cafe-longplay/reviews/visual-layout-proof-review.md,AGY V3 recommends v3-08 primary and v3-06 fallback with minor equalizer and line refinements before animation
2026-05-22,s01e01-campus-cafe-longplay,gate_1_source_packet,next_visual_action,historical_superseded_by_v3_rejection,channel/episodes/s01e01-campus-cafe-longplay/reviews/visual-layout-proof-review.md,Earlier v3-08 proof recommendation superseded by user rejection; full render export release remain blocked
2026-05-22,s01e01-campus-cafe-longplay,gate_1_source_packet,visual_layout_review,v3_static_mockups_user_rejected_source_revision_requested,channel/episodes/s01e01-campus-cafe-longplay/reviews/visual-layout-proof-review.md,User rejected V3 and requested top-left info block middle-left subtitle and bottom-right quarter-circle equalizer
2026-05-22,s01e01-campus-cafe-longplay,gate_1_source_packet,visual_layout_proofs,v4_static_mockups_created_source_only,candidates/s01e01-campus-cafe-longplay/visual/proofs/static-layout-mockups-v4/,Created 6 V4 local static mockups plus contact sheet from G.png with no animated proof render export or release approval
2026-05-22,s01e01-campus-cafe-longplay,gate_1_source_packet,visual_overlay_motion_plan,v4_overlay_plan_recorded_source_only,channel/episodes/s01e01-campus-cafe-longplay/source/visual-overlay-motion-plan.md,Plan now records top-left now-playing block middle-left subtitle and bottom-right quarter equalizer
2026-05-22,s01e01-campus-cafe-longplay,gate_1_source_packet,next_visual_action,historical_superseded_by_v4_07_proof_request,channel/episodes/s01e01-campus-cafe-longplay/reviews/visual-layout-proof-review.md,Earlier V4 static review pending state superseded by user request and one V4-07 short animated proof creation; full render export and release remain blocked
2026-05-22,s01e01-campus-cafe-longplay,gate_1_source_packet,visual_layout_proofs,v4_07_reference_match_static_mockup_created_source_only,candidates/s01e01-campus-cafe-longplay/visual/proofs/static-layout-mockups-v4/s01e01-vis-c01-layout-v4-07-user-reference-match.png,Generated V4-07 static proof from G.png matching the user reference; no animated proof render export or release approval
2026-05-22,s01e01-campus-cafe-longplay,gate_1_source_packet,external_visual_review,agy_v4_static_layout_review_completed_source_only,channel/episodes/s01e01-campus-cafe-longplay/reviews/visual-layout-proof-review.md,AGY reviewed V4 contact sheet and all seven V4 PNGs; selected V4-07 as best match and confirmed local static generator feasibility
2026-05-22,s01e01-campus-cafe-longplay,gate_1_source_packet,next_visual_action,historical_superseded_by_v4_07_proof_creation,channel/episodes/s01e01-campus-cafe-longplay/reviews/visual-layout-proof-review.md,Earlier V4-07 lock pending state superseded by one short animated proof creation; full render export and release remain blocked
2026-05-22,s01e01-campus-cafe-longplay,gate_1_source_packet,visual_animated_proof,user_requested_v4_07_short_proof_source_only,channel/episodes/s01e01-campus-cafe-longplay/reviews/visual-layout-proof-review.md,User approved trying a short local V4-07 animated proof; not full assembly render export upload or release approval
2026-05-22,s01e01-campus-cafe-longplay,gate_1_source_packet,visual_animated_proof,v4_07_15s_proof_created_pending_review,candidates/s01e01-campus-cafe-longplay/visual/proofs/animated-v4-07/s01e01-vis-c01-v4-07-animated-proof-15s-01.mp4,Created 15s local MP4 proof from G.png and selected Track 1 audio; pending user review and not full render export or release
2026-05-22,s01e01-campus-cafe-longplay,gate_1_source_packet,next_visual_action,historical_superseded_by_v5_revision,channel/episodes/s01e01-campus-cafe-longplay/reviews/visual-layout-proof-review.md,Earlier V4-07 proof review pending state superseded by user rejection and V5 proof creation; full render export and release remain blocked
2026-05-22,s01e01-campus-cafe-longplay,gate_1_source_packet,visual_animated_proof_review,v4_07_proof_user_rejected_revision_requested,channel/episodes/s01e01-campus-cafe-longplay/reviews/visual-layout-proof-review.md,User requested readable font changes better vector headphone icon timed subtitles redesigned equalizer and more interesting motion
2026-05-22,s01e01-campus-cafe-longplay,gate_1_source_packet,visual_animated_proof,historical_superseded_by_v6_revision,candidates/s01e01-campus-cafe-longplay/visual/proofs/animated-v5/s01e01-vis-c01-v5-readable-motion-proof-30s-01.mp4,Created 30s local V5 proof with full header readable fonts timed Track 1 subtitle cues soft waveform equalizer parallax steam particles and light sweep; later superseded by V6 revision
2026-05-22,s01e01-campus-cafe-longplay,gate_1_source_packet,next_visual_action,historical_superseded_by_v6_revision,channel/episodes/s01e01-campus-cafe-longplay/reviews/visual-layout-proof-review.md,Earlier V5 proof review pending state superseded by user revision and V6 proof creation; full render export and release remain blocked
2026-05-22,s01e01-campus-cafe-longplay,gate_1_source_packet,visual_animated_proof_review,v5_readable_motion_proof_user_revised_requested_v6,channel/episodes/s01e01-campus-cafe-longplay/reviews/visual-layout-proof-review.md,User requested cuter readable fonts smoother equalizer near still parallax hair leaf motion header hold and title slide in out; no render export or release approval
2026-05-22,s01e01-campus-cafe-longplay,gate_1_source_packet,visual_animated_proof,v6_cute_smooth_motion_proof_created_then_user_passed_source_only,candidates/s01e01-campus-cafe-longplay/visual/proofs/animated-v6/s01e01-vis-c01-v6-cute-smooth-motion-proof-30s-01.mp4,Created 30s local V6 proof with cute readable fonts smooth equalizer near still parallax hair leaf motion timed proof subtitles and title slide in out; later user-passed as visual direction source-only
2026-05-22,s01e01-campus-cafe-longplay,gate_1_source_packet,next_visual_action,historical_superseded_by_v6_user_pass_and_subtitle_gate,channel/episodes/s01e01-campus-cafe-longplay/reviews/visual-layout-proof-review.md,Earlier V6 proof review pending state superseded by user pass and subtitle improvement gate; full render export and release remain blocked
2026-05-22,s01e01-campus-cafe-longplay,gate_1_source_packet,visual_animated_proof_review,v6_visual_direction_user_passed_source_only,channel/episodes/s01e01-campus-cafe-longplay/reviews/visual-layout-proof-review.md,User passed V6 as visual direction source-only while moving subtitle timing and cue length issue to subtitle improvement gate; no render export or release approval
2026-05-22,s01e01-campus-cafe-longplay,gate_1_source_packet,subtitle_improvement_gate,open_timing_alignment_and_shorter_cues_source_only,channel/episodes/s01e01-campus-cafe-longplay/reviews/subtitle-improvement.md,Subtitle improvement gate opened for vocal alignment and shorter phrase-level cues from selected audio and approved source lyrics
2026-05-22,s01e01-campus-cafe-longplay,gate_1_source_packet,subtitle_sidecars,historical_blocked_before_track_1_watch_pass,channel/episodes/s01e01-campus-cafe-longplay/subtitles/README.md,Final srt vtt sidecars were blocked pending timing review; later Track 1 watch pass Gate 8 plan and D100 final sidecar promotion recorded
2026-05-22,s01e01-campus-cafe-longplay,gate_1_source_packet,subtitle_alignment_tool,accurate_alignment_default_source_only,scripts/subtitle_alignment_pipeline.py,Fast mode is opt-in for song-source track alignment after stale long-span bridge timing was found
2026-05-22,s01e01-campus-cafe-longplay,gate_1_source_packet,subtitle_alignment_proof,historical_track_1_draft_generated_before_human_watch_pass,candidates/s01e01-campus-cafe-longplay/subtitles/proofs/track-01/s01e01-track-01-subtitle-alignment-draft-01.json,Track 1 local proof has 59 cues no overlap 0.08s min gap 37 max chars and low confidence flags on cues 58 59; later user watch pass recorded
2026-05-22,s01e01-campus-cafe-longplay,gate_1_source_packet,subtitle_sidecars,historical_blocked_after_track_1_draft_proof,channel/episodes/s01e01-campus-cafe-longplay/subtitles/README.md,Draft srt vtt are ignored proof sidecars only; later Track 1 watch pass Gate 10 source timing plan and D100 final sidecar promotion recorded
2026-05-22,s01e01-campus-cafe-longplay,gate_1_source_packet,subtitle_proof_motion,slow_fade_slide_polish_source_only,scripts/subtitle_alignment_pipeline.py,Track 1 proof regenerated with 0.34s fade in 0.30s fade out smoother easing and subtle 18px slide up down; later superseded by 1.5s entry and 1.0s fade-only exit
2026-05-22,s01e01-campus-cafe-longplay,gate_1_source_packet,subtitle_proof_motion,one_point_five_second_fade_slide_source_only,scripts/subtitle_alignment_pipeline.py,Track 1 proof regenerated with proof-only 1.5s fade slide in and 1.5s fade slide out while keeping cue timing unchanged; later superseded by fade-only exit
2026-05-22,s01e01-campus-cafe-longplay,gate_1_source_packet,subtitle_proof_motion,one_second_fade_only_exit_source_only,scripts/subtitle_alignment_pipeline.py,Track 1 proof regenerated with 1.5s fade slide in and 1.0s fade-only exit with no slide out while keeping cue timing unchanged; later user watch pass recorded
2026-05-22,s01e01-campus-cafe-longplay,gate_1_source_packet,subtitle_alignment_proof,track_1_human_watch_passed_source_only,candidates/s01e01-campus-cafe-longplay/subtitles/proofs/track-01/s01e01-track-01-subtitle-alignment-draft-01.json,User passed current Track 1 sung-lyric subtitle proof source-only; cues 58 59 remain low-confidence evidence but no longer block Track 1 proof
2026-05-22,s01e01-campus-cafe-longplay,gate_1_source_packet,subtitle_sidecars,historical_blocked_after_track_1_human_watch_pass,channel/episodes/s01e01-campus-cafe-longplay/subtitles/README.md,Final srt vtt sidecars were blocked after Track 1 proof watch pass and Gate 8 chapter plan; later D100 promoted final sidecars source-only
2026-05-22,s01e01-campus-cafe-longplay,gate_1_source_packet,sequence_chapter_plan,pass_1s_gap_chapter_plan_source_only,channel/episodes/s01e01-campus-cafe-longplay/source/metadata.md,Gate 8 source-only plan keeps track order 1-13 uses 1s gaps no crossfades no reserved bumper time and planned duration 41m43p28s; render export release remain blocked
2026-05-22,s01e01-campus-cafe-longplay,gate_1_source_packet,bumper_policy,none_reserved_future_local_gate_optional,channel/episodes/s01e01-campus-cafe-longplay/source/metadata.md,No intro outro bumper time reserved in Gate 8 timeline; simple local bumper may be authored later without AI only under separate explicit gate
2026-05-22,s01e01-campus-cafe-longplay,gate_1_source_packet,subtitle_alignment_proof,tracks_2_12_draft_alignments_generated_need_human_watch_source_only,candidates/s01e01-campus-cafe-longplay/subtitles/proofs/,Tracks 2-12 no-render draft alignment sidecars generated locally with line-count match and no-overlap checks; human watch pass still required
2026-05-22,s01e01-campus-cafe-longplay,gate_1_source_packet,subtitle_alignment_proof,historical_track_13_full_source_alignment_blocked,candidates/s01e01-campus-cafe-longplay/subtitles/proofs/track-13/s01e01-track-13-subtitle-alignment-draft-01.json,Track 13 full-source alignment returned 11 display cues for 40 expected lyric lines and fast-check returned 31 of 40; later resolved by excluding absent Dialogue First for selected-audio subtitle timing
2026-05-22,s01e01-campus-cafe-longplay,gate_1_source_packet,subtitle_alignment_proof,track_13_sung_section_alignment_complete_source_only,candidates/s01e01-campus-cafe-longplay/subtitles/proofs/track-13/s01e01-track-13-subtitle-alignment-draft-01.json,Track 13 regenerated excluding absent Dialogue First section; 32 expected sung-section lines 32 display cues no overlap 0.08s min gap
2026-05-22,s01e01-campus-cafe-longplay,gate_1_source_packet,subtitle_source_timing_plan,pass_all_tracks_draft_timing_source_only,channel/episodes/s01e01-campus-cafe-longplay/reviews/subtitle-improvement.md,Gate 10 passed source-only with all tracks draft timing evidence; later rows record all-track human-watch pass and D100 final sidecar promotion
2026-05-22,s01e01-campus-cafe-longplay,gate_1_source_packet,subtitle_human_watch,tracks_2_13_human_watch_passed_source_only,channel/episodes/s01e01-campus-cafe-longplay/reviews/subtitle-improvement.md,User reported all remaining draft subtitle timings T02 through T13 PASS source-only; later D100 promoted final sidecars source-only while render export upload release remain blocked
2026-05-22,s01e01-campus-cafe-longplay,gate_1_source_packet,subtitle_source_timing_plan,pass_all_tracks_human_watch_passed_source_only,channel/episodes/s01e01-campus-cafe-longplay/reviews/subtitle-improvement.md,Gate 10 now has all tracks draft timing evidence and human watch pass source-only; later D100 promoted final sidecars source-only
2026-05-22,s01e01-campus-cafe-longplay,gate_1_source_packet,metadata_disclosure_pack,pass_metadata_disclosure_pack_source_only,channel/episodes/s01e01-campus-cafe-longplay/source/metadata.md,Gate 11 source-only pack records title description AI-assisted disclosure rounded chapter display tags policy and blocked-claim guardrails; upload release remain blocked
2026-05-22,s01e01-campus-cafe-longplay,gate_1_source_packet,next_readiness_action,historical_superseded_by_gate_12_scorecard,channel/episodes/s01e01-campus-cafe-longplay/reviews/episode-production-worksheet.md,Earlier next action to perform internal readiness scoring is superseded by the Gate 12 scorecard row; render export upload release remain blocked
2026-05-22,s01e01-campus-cafe-longplay,gate_1_source_packet,internal_readiness_scorecard,historical_superseded_by_score_uplift,channel/episodes/s01e01-campus-cafe-longplay/reviews/episode-production-worksheet.md,Earlier Gate 12 scorecard total was superseded by later source-only score uplift and later sidecar promotion; render export upload and release remain blocked
2026-05-22,s01e01-campus-cafe-longplay,gate_1_source_packet,next_assembly_action,historical_superseded_by_assembly_package_plan,channel/episodes/s01e01-campus-cafe-longplay/reviews/episode-production-worksheet.md,Earlier next action to separately approve assembly package planning is superseded by the assembly package plan and D100 final sidecar promotion; render export upload release remain blocked
2026-05-22,s01e01-campus-cafe-longplay,gate_1_source_packet,local_provenance,user_reported_provider_model_date_source_only,channel/episodes/s01e01-campus-cafe-longplay/reviews/local-provenance-evidence.md,User reported audio provenance Suno v5.5 May 2026 and visual provenance ChatGPT image May 2026; no credentials or account state stored
2026-05-22,s01e01-campus-cafe-longplay,gate_1_source_packet,visual_crop_evidence,v6_crop_safe_zone_proof_recorded_source_only,channel/episodes/s01e01-campus-cafe-longplay/reviews/visual-layout-proof-review.md,Local V6 crop safe-zone and downscale proof sheets recorded as ignored evidence; not final assembly render export upload or release proof
2026-05-22,s01e01-campus-cafe-longplay,gate_1_source_packet,internal_readiness_scorecard,pass_internal_readiness_scorecard_96_source_only,channel/episodes/s01e01-campus-cafe-longplay/reviews/episode-production-worksheet.md,Gate 12 scorecard rescored to 96 of 100 source-only after provenance fingerprints lyric review and visual crop evidence; 98 unsupported pending final QA
2026-05-22,s01e01-campus-cafe-longplay,gate_1_source_packet,assembly_package_plan,pass_assembly_package_planning_source_only,channel/episodes/s01e01-campus-cafe-longplay/reviews/assembly-package.md,Source-only assembly package defines selected audio order 1s gap timeline V6 visual carry-forward subtitle target policy and blockers; later D100 promotes final sidecars source-only while render export upload release remain blocked
2026-05-22,s01e01-campus-cafe-longplay,gate_1_source_packet,next_sidecar_action,historical_superseded_by_final_sidecar_promotion,channel/episodes/s01e01-campus-cafe-longplay/reviews/assembly-package.md,Earlier pending sidecar promotion state is superseded by final English sidecar promotion; render export upload release remain blocked
2026-05-22,s01e01-campus-cafe-longplay,gate_1_source_packet,final_subtitle_sidecars,pass_final_sidecars_promoted_source_only,channel/episodes/s01e01-campus-cafe-longplay/subtitles/s01e01-campus-cafe-longplay.en.srt,Final English srt and vtt sidecars promoted source-only with 598 cues no overlaps no gap cues max 37 chars and Track 13 Dialogue First exclusion preserved
2026-05-22,s01e01-campus-cafe-longplay,gate_1_source_packet,next_render_action,render_export_planning_pending_separate_gate,channel/episodes/s01e01-campus-cafe-longplay/reviews/current-state.md,Next allowed source-only action is separately approved render export planning if moving beyond source sidecars; upload release account actions remain blocked
2026-05-23,s01e01-campus-cafe-longplay,gate_1_source_packet,render_export_plan,pass_render_export_planning_source_only,channel/episodes/s01e01-campus-cafe-longplay/reviews/render-export-plan.md,Plan defines future local render inputs target output placeholders final sidecar usage V6 carry-forward QA checklist and stop conditions; no outputs created
2026-05-23,s01e01-campus-cafe-longplay,gate_1_source_packet,next_render_action,local_render_export_execution_blocked_pending_separate_gate,channel/episodes/s01e01-campus-cafe-longplay/reviews/render-export-plan.md,Next action requires separate explicit local render export execution approval before creating audio video sidecar copies QA files or render outputs
2026-05-23,s01e01-campus-cafe-longplay,gate_1_source_packet,render_export_qa_template,prepared_source_only_no_outputs,channel/episodes/s01e01-campus-cafe-longplay/reviews/render-export-qa.md,Durable QA template prepared for future local render export evidence; no render outputs exist and QA is not run
2026-05-23,s01e01-campus-cafe-longplay,gate_1_source_packet,render_export_execution,user_approved_local_render_export_execution,channel/episodes/s01e01-campus-cafe-longplay/reviews/render-export-plan.md,User approved one local render export execution for S01E01 according to the passed plan; upload release provider account actions remain blocked
2026-05-23,s01e01-campus-cafe-longplay,gate_1_source_packet,render_helper,active_local_helper,scripts/render_s01e01_local.py,Local helper creates ignored QA WAV MP4 sidecar copies and overlay frames from approved inputs without provider browser API upload or release action
2026-05-23,s01e01-campus-cafe-longplay,gate_1_source_packet,render_export_outputs,created_local_qa_evidence,candidates/s01e01-campus-cafe-longplay/render/future-local-render-01/,Approved local execution created ignored WAV timeline QA MP4 copied sidecars and snapshots for mechanical QA only
2026-05-23,s01e01-campus-cafe-longplay,gate_1_source_packet,render_export_qa,pass_local_render_export_mechanical_qa_release_blocked,channel/episodes/s01e01-campus-cafe-longplay/reviews/render-export-qa.md,Mechanical QA records 2503p28s 1080p24 sidecar byte match 598 cues no overlaps no gap cues snapshots and clean decode; release remains blocked
2026-05-23,s01e01-campus-cafe-longplay,gate_1_source_packet,next_render_action,human_full_watch_listen_or_release_gate_pending,channel/episodes/s01e01-campus-cafe-longplay/reviews/render-export-qa.md,Next action is human full watch listen review or separate release decision planning gate; additional render outputs require a new gate
